{"cameraMode":{"drawMode":0,"name":"Shaded","section":"Shading Mode"},"sceneLighting":true,"audioPlay":false,"sceneViewState":{"m_AlwaysRefresh":false,"showFog":true,"showSkybox":true,"showFlares":true,"showImageEffects":true,"showParticleSystems":true,"showVisualEffectGraphs":true,"m_FxEnabled":true},"in2DMode":false,"pivot":{"x":-1.3191561698913575,"y":1.6833957433700562,"z":-0.8321384191513062},"rotation":{"x":-0.007202586624771357,"y":0.9927417635917664,"z":-0.08989906311035156,"w":-0.07953956723213196},"size":2.083798885345459,"orthographic":false}