{"cameraMode":{"drawMode":0,"name":"Shaded","section":"Shading Mode"},"sceneLighting":false,"audioPlay":false,"sceneViewState":{"m_AlwaysRefresh":false,"showFog":true,"showSkybox":true,"showFlares":true,"showImageEffects":true,"showParticleSystems":true,"showVisualEffectGraphs":true,"m_FxEnabled":true},"in2DMode":false,"pivot":{"x":35.30707550048828,"y":15.337442398071289,"z":7.307806968688965},"rotation":{"x":0.14389994740486146,"y":-0.8540955781936646,"z":0.3203268051147461,"w":0.38370442390441897},"size":15.014566421508789,"orthographic":false}