{"cameraMode":{"drawMode":0,"name":"Shaded","section":"Shading Mode"},"sceneLighting":false,"audioPlay":false,"sceneViewState":{"m_AlwaysRefresh":false,"showFog":true,"showSkybox":false,"showFlares":true,"showImageEffects":true,"showParticleSystems":true,"showVisualEffectGraphs":true,"m_FxEnabled":true},"in2DMode":false,"pivot":{"x":10.710332870483399,"y":1.8217092752456666,"z":-1.2233495712280274},"rotation":{"x":-0.07224706560373306,"y":0.00016017672896850854,"z":-0.000013879395737603772,"w":-0.9973935484886169},"size":1.387162685394287,"orthographic":false}